,Mean (CV),Median (CV),Mean (RCIW_1),Mean (RCIW_2),Median (RCIW_3),Mean (RMAD),Median (RMAD)
Mean (CV),1.0,0.03523914988553757,0.2540516060963157,0.006822041696096421,0.003177126239507183,0.5695112776301647,0.3207577388177115
Median (CV),0.03523914988553757,1.0,0.3345267537748142,0.5486335092879051,0.3984123849134552,0.0074869577687904695,0.2658383177731941
Mean (RCIW_1),0.2540516060963157,0.3345267537748142,1.0,0.11761923592602838,0.07037396670888421,0.08738892650531559,0.8826098642127272
Mean (RCIW_2),0.006822041696096421,0.5486335092879051,0.11761923592602838,1.0,0.8067266710642466,0.0010596907765589058,0.08680333857345801
Median (RCIW_3),0.003177126239507183,0.3984123849134552,0.07037396670888421,0.8067266710642466,1.0,0.0004334526924233746,0.05032893512924213
Mean (RMAD),0.5695112776301647,0.0074869577687904695,0.08738892650531559,0.0010596907765589058,0.0004334526924233746,1.0,0.1183649568456677
Median (RMAD),0.3207577388177115,0.2658383177731941,0.8826098642127272,0.08680333857345801,0.05032893512924213,0.1183649568456677,1.0
