,Mean (CV),Median (CV),Mean (RCIW_1),Mean (RCIW_2),Median (RCIW_3),Mean (RMAD),Median (RMAD)
Mean (CV),1.0,0.957358377164545,0.9771733179876589,0.8938488371556897,0.9715779535513143,0.9949973294900791,0.9410139932755199
Median (CV),0.957358377164545,1.0,0.9345817278350511,0.8517355228015852,0.9857668729761265,0.9523636899204228,0.9836232523788757
Mean (RCIW_1),0.9771733179876589,0.9345817278350511,1.0,0.9165164474158747,0.9487773788553285,0.9821743896629868,0.9182737975071517
Mean (RCIW_2),0.8938488371556897,0.8517355228015852,0.9165164474158747,1.0,0.8657455465591287,0.8988092435846814,0.8356731687447618
Median (RCIW_3),0.9715779535513143,0.9857668729761265,0.9487773788553285,0.8657455465591287,1.0,0.9665790157303392,0.9693957286039806
Mean (RMAD),0.9949973294900791,0.9523636899204228,0.9821743896629868,0.8988092435846814,0.9665790157303392,1.0,0.9360261568043104
Median (RMAD),0.9410139932755199,0.9836232523788757,0.9182737975071517,0.8356731687447618,0.9693957286039806,0.9360261568043104,1.0
