,Mean (CV),Median (CV),Mean (RCIW_1),Mean (RCIW_2),Median (RCIW_3),Mean (RMAD),Median (RMAD)
Mean (CV),1.0,0.9186359240045747,0.968535697310673,0.9066039110294367,0.9363158587838604,0.9009961281226797,0.9435581211865072
Median (CV),0.9186359240045747,1.0,0.8873983278350115,0.8262797660670028,0.9822477683063426,0.8207696176831776,0.974987525703442
Mean (RCIW_1),0.968535697310673,0.8873983278350115,1.0,0.9379248163782914,0.9050011997143212,0.9322946167200579,0.9122163538500729
Mean (RCIW_2),0.9066039110294367,0.8262797660670028,0.9379248163782914,1.0,0.8436519305068294,0.9943511437348418,0.850781216545934
Median (RCIW_3),0.9363158587838604,0.9822477683063426,0.9050011997143212,0.8436519305068294,1.0,0.8381157419129422,0.992737224425252
Mean (RMAD),0.9009961281226797,0.8207696176831776,0.9322946167200579,0.9943511437348418,0.8381157419129422,1.0,0.8452351311861429
Median (RMAD),0.9435581211865072,0.974987525703442,0.9122163538500729,0.850781216545934,0.992737224425252,0.8452351311861429,1.0
