,Mean (CV),Median (CV),Mean (RCIW_1),Mean (RCIW_2),Median (RCIW_3),Mean (RMAD),Median (RMAD)
Mean (CV),1.0,0.12582046560267662,0.6433883044869533,0.17288035876940755,0.032707662689125186,0.8133209010646011,0.04235550563051105
Median (CV),0.12582046560267662,1.0,0.28559865669411244,0.8667512002637454,0.5452719080288875,0.07723870886297864,0.6176266700399743
Mean (RCIW_1),0.6433883044869533,0.28559865669411244,1.0,0.3680988456255374,0.09438893950036262,0.484482886507987,0.1171045091640811
Mean (RCIW_2),0.17288035876940755,0.8667512002637454,0.3680988456255374,1.0,0.439731482193628,0.10978708428105578,0.5047699991733563
Median (RCIW_3),0.032707662689125186,0.5452719080288875,0.09438893950036262,0.439731482193628,1.0,0.017701784885816585,0.9158653000097825
Mean (RMAD),0.8133209010646011,0.07723870886297864,0.484482886507987,0.10978708428105578,0.017701784885816585,1.0,0.02344194315388052
Median (RMAD),0.04235550563051105,0.6176266700399743,0.1171045091640811,0.5047699991733563,0.9158653000097825,0.02344194315388052,1.0
