,Mean (CV),Median (CV),Mean (RCIW_1),Mean (RCIW_2),Median (RCIW_3),Mean (RMAD),Median (RMAD)
Mean (CV),0.0,0.0030229228188755285,0.008439397869738513,0.012847421980220996,0.01192645112141567,-0.014889231384208265,-0.011012162768841783
Median (CV),-0.0030229228188755285,0.0,0.00532352746418936,0.0097042140491796,0.008816048220964967,-0.017037960887898527,-0.013434875028020963
Mean (RCIW_1),-0.008439397869738513,-0.00532352746418936,0.0,0.004506439202254556,0.0038351510762783788,-0.023756917153325244,-0.01973465590256663
Mean (RCIW_2),-0.012847421980220996,-0.0097042140491796,-0.004506439202254556,0.0,-0.000547965510977839,-0.028143678743980428,-0.024129922501152732
Median (RCIW_3),-0.01192645112141567,-0.008816048220964967,-0.0038351510762783788,0.000547965510977839,0.0,-0.026297484522404317,-0.02259902107358715
Mean (RMAD),0.014889231384208265,0.017037960887898527,0.023756917153325244,0.028143678743980428,0.026297484522404317,0.0,0.0032890080670000227
Median (RMAD),0.011012162768841783,0.013434875028020963,0.01973465590256663,0.024129922501152732,0.02259902107358715,-0.0032890080670000227,0.0
