,Mean (CV),Median (CV),Mean (RCIW_1),Mean (RCIW_2),Median (RCIW_3),Mean (RMAD),Median (RMAD)
Mean (CV),1.0,0.9003252683050744,0.7104246946670685,0.5718397783173756,0.6018311324694279,0.518302032100384,0.6281509957146741
Median (CV),0.9003252683050744,1.0,0.8056549001219389,0.659869332543126,0.6917224891272542,0.44057923930505827,0.5421391102004052
Mean (RCIW_1),0.7104246946670685,0.8056549001219389,1.0,0.8461302561007293,0.8803833321107376,0.30903415603376194,0.39220980336453914
Mean (RCIW_2),0.5718397783173756,0.659869332543126,0.8461302561007293,1.0,0.9652431969330736,0.22577699062612733,0.2938675536322979
Median (RCIW_3),0.6018311324694279,0.6917224891272542,0.8803833321107376,0.9652431969330736,1.0,0.24291405845980563,0.3143674500316439
Mean (RMAD),0.518302032100384,0.44057923930505827,0.30903415603376194,0.22577699062612733,0.24291405845980563,1.0,0.8715940741834852
Median (RMAD),0.6281509957146741,0.5421391102004052,0.39220980336453914,0.2938675536322979,0.3143674500316439,0.8715940741834852,1.0
