,Mean (CV),Median (CV),Mean (RCIW_1),Mean (RCIW_2),Median (RCIW_3),Mean (RMAD),Median (RMAD)
Mean (CV),1.0,0.522710906898193,2.799375734645423e-17,2.1553649790569966e-49,1.962597404473446e-20,3.96032852484709e-50,2.627926902680593e-36
Median (CV),0.522710906898193,1.0,9.562150131111944e-20,1.3349729166115068e-53,4.018465811923638e-23,4.576853428155704e-46,7.015775141435181e-33
Mean (RCIW_1),2.799375734645423e-17,9.562150131111944e-20,1.0,2.6265953703444725e-10,0.418106853646545,1.647511451269944e-120,2.9845544358628655e-98
Mean (RCIW_2),2.1553649790569966e-49,1.3349729166115068e-53,2.6265953703444725e-10,1.0,3.595608869149736e-08,2.394786186385024e-193,8.981652161221808e-165
Median (RCIW_3),1.962597404473446e-20,4.018465811923638e-23,0.418106853646545,3.595608869149736e-08,1.0,7.100656873051189e-129,8.2857668686168685e-106
Mean (RMAD),3.96032852484709e-50,4.576853428155704e-46,1.647511451269944e-120,2.394786186385024e-193,7.100656873051189e-129,1.0,0.02116693874904029
Median (RMAD),2.627926902680593e-36,7.015775141435181e-33,2.9845544358628655e-98,8.981652161221808e-165,8.2857668686168685e-106,0.02116693874904029,1.0
