,Mean (CV),Median (CV),Mean (RCIW_1),Mean (RCIW_2),Median (RCIW_3),Mean (RMAD),Median (RMAD)
Mean (CV),1.0,0.8412013709857366,0.06511301126174941,0.0016893197067927384,0.022973542604904754,3.320872632664106e-36,8.243168940222911e-22
Median (CV),0.8412013709857366,1.0,0.04087078872212306,0.000836624634118496,0.013352319488458114,4.099141164015627e-35,5.641654229754264e-21
Mean (RCIW_1),0.06511301126174941,0.04087078872212306,1.0,0.1951319125922747,0.6676373010290474,4.561333574910448e-47,2.5989186746005522e-30
Mean (RCIW_2),0.0016893197067927384,0.000836624634118496,0.1951319125922747,1.0,0.38640617381517395,1.414210376505774e-55,3.68904403096722e-37
Median (RCIW_3),0.022973542604904754,0.013352319488458114,0.6676373010290474,0.38640617381517395,1.0,8.306886880221575e-50,1.6802358155684378e-32
Mean (RMAD),3.320872632664106e-36,4.099141164015627e-35,4.561333574910448e-47,1.414210376505774e-55,8.306886880221575e-50,1.0,0.0030034007254264236
Median (RMAD),8.243168940222911e-22,5.641654229754264e-21,2.5989186746005522e-30,3.68904403096722e-37,1.6802358155684378e-32,0.0030034007254264236,1.0
