,Mean (CV),Median (CV),Mean (RCIW_1),Mean (RCIW_2),Median (RCIW_3),Mean (RMAD),Median (RMAD)
Mean (CV),1.0,0.7947837360727119,0.8547213431993761,0.8256030508884042,0.6426642655231201,0.38999234890016177,0.6225662043537441
Median (CV),0.7947837360727119,1.0,0.9386187399046318,0.9682848650934062,0.8384526039567429,0.2628267047640357,0.45185840322390036
Mean (RCIW_1),0.8547213431993761,0.9386187399046318,1.0,0.9702884305810292,0.778803039054346,0.29707384050149144,0.499476063002969
Mean (RCIW_2),0.8256030508884042,0.9682848650934062,0.9702884305810292,1.0,0.8075153157145872,0.2801530895307537,0.47611751442286465
Median (RCIW_3),0.6426642655231201,0.8384526039567429,0.778803039054346,0.8075153157145872,1.0,0.1856332064195313,0.3389744431254387
Mean (RMAD),0.38999234890016177,0.2628267047640357,0.29707384050149144,0.2801530895307537,0.1856332064195313,1.0,0.7133097809240468
Median (RMAD),0.6225662043537441,0.45185840322390036,0.499476063002969,0.47611751442286465,0.3389744431254387,0.7133097809240468,1.0
