,Mean (CV),Median (CV),Mean (RCIW_1),Mean (RCIW_2),Median (RCIW_3),Mean (RMAD),Median (RMAD)
Mean (CV),1.0,0.7315001855417045,0.9774176554780428,0.9559534002626457,0.6781912305821727,0.7893257788735131,0.9378156301911679
Median (CV),0.7315001855417045,1.0,0.7528952250788881,0.7734245581858615,0.9427594939762465,0.5416519284163187,0.7909208588871776
Mean (RCIW_1),0.9774176554780428,0.7528952250788881,1.0,0.9785189602466239,0.6990330570959579,0.7676174670572719,0.9603542319490538
Mean (RCIW_2),0.9559534002626457,0.7734245581858615,0.9785189602466239,1.0,0.7190712503345871,0.7471356528804308,0.9818231118372505
Median (RCIW_3),0.6781912305821727,0.9427594939762465,0.6990330570959579,0.7190712503345871,1.0,0.4951638040830063,0.7361794686255496
Mean (RMAD),0.7893257788735131,0.5416519284163187,0.7676174670572719,0.7471356528804308,0.4951638040830063,1.0,0.7299426313183304
Median (RMAD),0.9378156301911679,0.7909208588871776,0.9603542319490538,0.9818231118372505,0.7361794686255496,0.7299426313183304,1.0
