,Mean (CV),Median (CV),Mean (RCIW_1),Mean (RCIW_2),Median (RCIW_3),Mean (RMAD),Median (RMAD)
Mean (CV),1.0,0.9933569464131765,0.77328768380123,0.2899526040180733,0.6238528378361609,0.007753211957246802,0.01664135395302691
Median (CV),0.9933569464131765,1.0,0.7669222746903673,0.29376424420863767,0.6297552977809907,0.00756350925253077,0.016267273462483106
Mean (RCIW_1),0.77328768380123,0.7669222746903673,1.0,0.1782049004630737,0.4362894062554056,0.017570118426924353,0.03516440726805048
Mean (RCIW_2),0.2899526040180733,0.29376424420863767,0.1782049004630737,1.0,0.5701515144781382,0.00019854726257679975,0.000554876635786232
Median (RCIW_3),0.6238528378361609,0.6297552977809907,0.4362894062554056,0.5701515144781382,1.0,0.0016158554527884248,0.003914951592482659
Mean (RMAD),0.007753211957246802,0.00756350925253077,0.017570118426924353,0.00019854726257679975,0.0016158554527884248,1.0,0.7886262566122533
Median (RMAD),0.01664135395302691,0.016267273462483106,0.03516440726805048,0.000554876635786232,0.003914951592482659,0.7886262566122533,1.0
