,Mean (CV),Median (CV),Mean (RCIW_1),Mean (RCIW_2),Median (RCIW_3),Median (RCIW_4),Mean (RMAD),Median (RMAD)
Mean (CV),0.0,-0.1389413988657845,-0.06379962192816635,-0.052930056710775046,-0.18714555765595464,-0.10680529300567108,-0.10207939508506617,-0.16446124763705103
Median (CV),0.1389413988657845,0.0,0.08553875236294896,0.11389413988657845,-0.03544423440453686,0.04017013232514178,0.022684310018903593,-0.03780718336483932
Mean (RCIW_1),0.06379962192816635,-0.08553875236294896,0.0,0.03780718336483932,-0.13610586011342155,-0.024574669187145556,-0.04773156899810964,-0.1266540642722117
Mean (RCIW_2),0.052930056710775046,-0.11389413988657845,-0.03780718336483932,0.0,-0.1956521739130435,-0.07844990548204159,-0.04962192816635161,-0.13988657844990549
Median (RCIW_3),0.18714555765595464,0.03544423440453686,0.13610586011342155,0.1956521739130435,0.0,0.10822306238185256,0.06049149338374291,-0.01890359168241966
Median (RCIW_4),0.10680529300567108,-0.04017013232514178,0.024574669187145556,0.07844990548204159,-0.10822306238185256,0.0,0.003780718336483932,-0.07750472589792061
Mean (RMAD),0.10207939508506617,-0.022684310018903593,0.04773156899810964,0.04962192816635161,-0.06049149338374291,-0.003780718336483932,0.0,-0.052930056710775046
Median (RMAD),0.16446124763705103,0.03780718336483932,0.1266540642722117,0.13988657844990549,0.01890359168241966,0.07750472589792061,0.052930056710775046,0.0
