,Mean (CV),Median (CV),Mean (RCIW_1),Mean (RCIW_2),Median (RCIW_3),Mean (RMAD),Median (RMAD)
Mean (CV),0.0,0.0014177693761814746,-0.000945179584120983,-0.001890359168241966,-0.0004725897920604915,-0.002835538752362949,-0.0023629489603024575
Median (CV),-0.0014177693761814746,0.0,-0.0023629489603024575,-0.0033081285444234404,-0.0004725897920604915,-0.0033081285444234404,-0.003780718336483932
Mean (RCIW_1),0.000945179584120983,0.0023629489603024575,0.0,0.001890359168241966,0.001890359168241966,-0.0033081285444234404,-0.0023629489603024575
Mean (RCIW_2),0.001890359168241966,0.0033081285444234404,-0.001890359168241966,0.0,0.0023629489603024575,-0.0014177693761814746,0.0014177693761814746
Median (RCIW_3),0.0004725897920604915,0.0004725897920604915,-0.001890359168241966,-0.0023629489603024575,0.0,-0.005198487712665407,-0.004725897920604915
Mean (RMAD),0.002835538752362949,0.0033081285444234404,0.0033081285444234404,0.0014177693761814746,0.005198487712665407,0.0,0.003780718336483932
Median (RMAD),0.0023629489603024575,0.003780718336483932,0.0023629489603024575,-0.0014177693761814746,0.004725897920604915,-0.003780718336483932,0.0
