,Mean (CV),Median (CV),Mean (RCIW_1),Mean (RCIW_2),Median (RCIW_3),Mean (RMAD),Median (RMAD)
Mean (CV),1.0,0.9928517150119812,0.9919582079644658,0.987937567233855,0.9941919920422684,0.9745382171007391,0.9857040037660871
Median (CV),0.9928517150119812,1.0,0.9848106087722063,0.9807905831847489,0.9986596792648117,0.9673945935546783,0.9785574398662992
Mean (RCIW_1),0.9919582079644658,0.9848106087722063,1.0,0.995979052923247,0.9861507080558988,0.9825772070712846,0.9937452310243933
Mean (RCIW_2),0.987937567233855,0.9807905831847489,0.995979052923247,1.0,0.9821305425568543,0.986597416687605,0.9977661339757776
Median (RCIW_3),0.9941919920422684,0.9986596792648117,0.9861507080558988,0.9821305425568543,1.0,0.9687338409905752,0.9798973068123361
Mean (RMAD),0.9745382171007391,0.9673945935546783,0.9825772070712846,0.986597416687605,0.9687338409905752,1.0,0.9888310200736693
Median (RMAD),0.9857040037660871,0.9785574398662992,0.9937452310243933,0.9977661339757776,0.9798973068123361,0.9888310200736693,1.0
