,Mean (CV),Median (CV),Mean (RCIW_1),Mean (RCIW_2),Median (RCIW_3),Median (RCIW_4),Mean (RMAD),Median (RMAD)
Mean (CV),1.0,0.2323561089524787,0.6037847111671928,0.7910793644153804,0.11251513705125851,0.4013986180108253,0.3606592545444013,0.13433967283643825
Median (CV),0.2323561089524787,1.0,0.4994559940385225,0.35268062535024214,0.6945577545720764,0.7224505515508939,0.7793225525234762,0.7619703490454779
Mean (RCIW_1),0.6037847111671928,0.4994559940385225,1.0,0.7994520117010385,0.2855099710226462,0.7488467757573929,0.6927366325879578,0.3279554685557734
Mean (RCIW_2),0.7910793644153804,0.35268062535024214,0.7994520117010385,1.0,0.18614160112041345,0.5658211558047433,0.5162088871517877,0.21783826902867354
Median (RCIW_3),0.11251513705125851,0.6945577545720764,0.2855099710226462,0.18614160112041345,1.0,0.45454278852982055,0.5010240266721557,0.9284596363799902
Median (RCIW_4),0.4013986180108253,0.7224505515508939,0.7488467757573929,0.5658211558047433,0.45454278852982055,1.0,0.9402277391677215,0.5104867346376032
Mean (RMAD),0.3606592545444013,0.7793225525234762,0.6927366325879578,0.5162088871517877,0.5010240266721557,0.9402277391677215,1.0,0.5598284335053192
Median (RMAD),0.13433967283643825,0.7619703490454779,0.3279554685557734,0.21783826902867354,0.9284596363799902,0.5104867346376032,0.5598284335053192,1.0
