,Mean (CV),Median (CV),Mean (RCIW_1),Mean (RCIW_2),Median (RCIW_3),Median (RCIW_4),Mean (RMAD),Median (RMAD)
Mean (CV),0.0,-0.1040582726326743,0.047866805411030174,0.05723204994797086,-0.08220603537981269,-0.12174817898022892,-0.031217481789802288,-0.055150884495317375
Median (CV),0.1040582726326743,0.0,0.14776274713839752,0.186264308012487,0.007284079084287201,0.006243496357960458,0.07284079084287201,0.014568158168574402
Mean (RCIW_1),-0.047866805411030174,-0.14776274713839752,0.0,0.012486992715920915,-0.1279916753381894,-0.1716961498439126,-0.07804370447450572,-0.09261186264308012
Mean (RCIW_2),-0.05723204994797086,-0.186264308012487,-0.012486992715920915,0.0,-0.17585848074921956,-0.20707596253902186,-0.08636836628511967,-0.15088449531737774
Median (RCIW_3),0.08220603537981269,-0.007284079084287201,0.1279916753381894,0.17585848074921956,0.0,0.002081165452653486,0.05098855359001041,0.008324661810613945
Median (RCIW_4),0.12174817898022892,-0.006243496357960458,0.1716961498439126,0.20707596253902186,-0.002081165452653486,0.0,0.07804370447450572,0.009365244536940686
Mean (RMAD),0.031217481789802288,-0.07284079084287201,0.07804370447450572,0.08636836628511967,-0.05098855359001041,-0.07804370447450572,0.0,-0.01768990634755463
Median (RMAD),0.055150884495317375,-0.014568158168574402,0.09261186264308012,0.15088449531737774,-0.008324661810613945,-0.009365244536940686,0.01768990634755463,0.0
