,Mean (CV),Median (CV),Mean (RCIW_1),Mean (RCIW_2),Median (RCIW_3),Mean (RMAD),Median (RMAD)
Mean (CV),1.0,0.9564397482696836,0.9991929276661078,0.9935434906925907,0.9749848528486057,0.9685323356499494,0.9524109749497723
Median (CV),0.9564397482696836,1.0,0.9556339012682303,0.9628880581022153,0.9814390075367773,0.9250528152575217,0.9959646548458114
Mean (RCIW_1),0.9991929276661078,0.9556339012682303,1.0,0.9927364480857525,0.9741781899910884,0.9693387963226117,0.9516053629002637
Mean (RCIW_2),0.9935434906925907,0.9628880581022153,0.9927364480857525,1.0,0.9814390075367779,0.9620818779286582,0.9588575531349248
Median (RCIW_3),0.9749848528486057,0.9814390075367773,0.9741781899910884,0.9814390075367779,1.0,0.9435520978565154,0.9774049916398442
Mean (RMAD),0.9685323356499494,0.9250528152575217,0.9693387963226117,0.9620818779286582,0.9435520978565154,1.0,0.9210362412874666
Median (RMAD),0.9524109749497723,0.9959646548458114,0.9516053629002637,0.9588575531349248,0.9774049916398442,0.9210362412874666,1.0
