,Mean (CV),Median (CV),Mean (RCIW_1),Mean (RCIW_2),Median (RCIW_3),Median (RCIW_4),Mean (RMAD),Median (RMAD)
Mean (CV),1.0,0.48071375501567315,0.7565186682439704,0.6173338917361926,0.5346015362728262,0.4594795614595082,0.8212810190607254,0.6254675958550329
Median (CV),0.48071375501567315,1.0,0.3100054234817101,0.228285342269809,0.9329308496354637,0.9724393265248742,0.6317555345884533,0.8281780087623742
Mean (RCIW_1),0.7565186682439704,0.3100054234817101,1.0,0.8496407226251751,0.35182630317411423,0.29382860491353013,0.5919908483278102,0.42477084241795704
Mean (RCIW_2),0.6173338917361926,0.228285342269809,0.8496407226251751,1.0,0.2624455768534295,0.21522088272832007,0.46812686971380846,0.323275793653909
Median (RCIW_3),0.5346015362728262,0.9329308496354637,0.35182630317411423,0.2624455768534295,1.0,0.9055074867479154,0.6927695065959272,0.8942875127799584
Median (RCIW_4),0.4594795614595082,0.9724393265248742,0.29382860491353013,0.21522088272832007,0.9055074867479154,1.0,0.60738732580986,0.8013595501252581
Mean (RMAD),0.8212810190607254,0.6317555345884533,0.5919908483278102,0.46812686971380846,0.6927695065959272,0.60738732580986,1.0,0.7931530233985213
Median (RMAD),0.6254675958550329,0.8281780087623742,0.42477084241795704,0.323275793653909,0.8942875127799584,0.8013595501252581,0.7931530233985213,1.0
