,Mean (CV),Median (CV),Mean (RCIW_1),Mean (RCIW_2),Median (RCIW_3),Mean (RMAD),Median (RMAD)
Mean (CV),0.0,0.007408148177623822,-0.0016278134627346428,-0.0038368018832162956,0.008101369478576112,0.0008869462868679592,0.006416485682152797
Median (CV),-0.007408148177623822,0.0,-0.009175757778843555,-0.011472184233508768,0.0005764627283598719,-0.006547904523949644,-0.0009073659475455568
Mean (RCIW_1),0.0016278134627346428,0.009175757778843555,0.0,-0.002177049976857718,0.010030242041044565,0.002483868468064698,0.008109746775264355
Mean (RCIW_2),0.0038368018832162956,0.011472184233508768,0.002177049976857718,0.0,0.012322479847365654,0.0047577809378802505,0.010337060532251545
Median (RCIW_3),-0.008101369478576112,-0.0005764627283598719,-0.010030242041044565,-0.012322479847365654,0.0,-0.007221229745267351,-0.0014927295536366892
Mean (RMAD),-0.0008869462868679592,0.006547904523949644,-0.002483868468064698,-0.0047577809378802505,0.007221229745267351,0.0,0.005556765609521635
Median (RMAD),-0.006416485682152797,0.0009073659475455568,-0.008109746775264355,-0.010337060532251545,0.0014927295536366892,-0.005556765609521635,0.0
