,Mean (CV),Median (CV),Mean (RCIW_1),Mean (RCIW_2),Median (RCIW_3),Mean (RMAD),Median (RMAD)
Mean (CV),1.0,0.7338195073205396,0.9382968510346623,0.8577670389159704,0.7103911540015919,0.968088196021885,0.7679369280854685
Median (CV),0.7338195073205396,1.0,0.676342099059595,0.6035749024992842,0.975044925566506,0.7641443751039475,0.9641275497760418
Mean (RCIW_1),0.9382968510346623,0.676342099059595,1.0,0.9189101230602037,0.6536181577526488,0.9065297270125957,0.7095316100563872
Mean (RCIW_2),0.8577670389159704,0.6035749024992842,0.9189101230602037,1.0,0.5819434534637434,0.8264759217396754,0.6352917625085517
Median (RCIW_3),0.7103911540015919,0.975044925566506,0.6536181577526488,0.5819434534637434,1.0,0.740399293333197,0.9392152280890936
Mean (RMAD),0.968088196021885,0.7641443751039475,0.9065297270125957,0.8264759217396754,0.740399293333197,1.0,0.7986702938855712
Median (RMAD),0.7679369280854685,0.9641275497760418,0.7095316100563872,0.6352917625085517,0.9392152280890936,0.7986702938855712,1.0
