,Mean (CV),Median (CV),Mean (RCIW_1),Mean (RCIW_2),Median (RCIW_3),Mean (RMAD),Median (RMAD)
Mean (CV),1.0,1.2187293465192026e-13,0.014395923842154143,4.594658802056819e-12,5.148179212954189e-16,0.1412348850214626,1.525746949728525e-08
Median (CV),1.2187293465192026e-13,1.0,6.782133554937204e-07,0.6190742361519106,0.4881727345330801,6.33837840225362e-19,0.07907354680127981
Mean (RCIW_1),0.014395923842154143,6.782133554937204e-07,1.0,7.809614646137178e-06,1.507403747022195e-08,8.91249373747902e-05,0.0013208368561910305
Mean (RCIW_2),4.594658802056819e-12,0.6190742361519106,7.809614646137178e-06,1.0,0.23389673512160536,4.9123371091203773e-17,0.20805770367687082
Median (RCIW_3),5.148179212954189e-16,0.4881727345330801,1.507403747022195e-08,0.23389673512160536,1.0,9.784129426589897e-22,0.014313215867906792
Mean (RMAD),0.1412348850214626,6.33837840225362e-19,8.91249373747902e-05,4.9123371091203773e-17,9.784129426589897e-22,1.0,1.0047777745524658e-12
Median (RMAD),1.525746949728525e-08,0.07907354680127981,0.0013208368561910305,0.20805770367687082,0.014313215867906792,1.0047777745524658e-12,1.0
