,Mean (CV),Median (CV),Mean (RCIW_1),Mean (RCIW_2),Median (RCIW_3),Mean (RMAD),Median (RMAD)
Mean (CV),1.0,0.8382762271705966,0.9693858463559849,0.7137923117136927,0.9707895226792185,3.352159111661129e-09,9.094606601089542e-05
Median (CV),0.8382762271705966,1.0,0.8084102248379936,0.5680900926569973,0.809774486265427,1.1347341260297864e-08,0.00020770254185585986
Mean (RCIW_1),0.9693858463559849,0.8084102248379936,1.0,0.7426174704237168,0.9985953370022805,2.6532283549366e-09,7.752131059813508e-05
Mean (RCIW_2),0.7137923117136927,0.5680900926569973,0.7426174704237168,1.0,0.7412869253866887,3.383137387168095e-10,1.8662005900612093e-05
Median (RCIW_3),0.9707895226792185,0.809774486265427,0.9985953370022805,0.7412869253866887,1.0,2.681924472451457e-09,7.809373894201532e-05
Mean (RMAD),3.352159111661129e-09,1.1347341260297864e-08,2.6532283549366e-09,3.383137387168095e-10,2.681924472451457e-09,1.0,0.04552256853387276
Median (RMAD),9.094606601089542e-05,0.00020770254185585986,7.752131059813508e-05,1.8662005900612093e-05,7.809373894201532e-05,0.04552256853387276,1.0
