,Mean (CV),Median (CV),Mean (RCIW_1),Mean (RCIW_2),Median (RCIW_3),Mean (RMAD),Median (RMAD)
Mean (CV),0.0,0.009256198347107438,-0.002644628099173554,-0.015041322314049586,0.008099173553719008,-0.014628099173553719,0.0008264462809917355
Median (CV),-0.009256198347107438,0.0,-0.010082644628099173,-0.023801652892561982,0.0006611570247933885,-0.019173553719008266,-0.005454545454545455
Mean (RCIW_1),0.002644628099173554,0.010082644628099173,0.0,-0.012727272727272728,0.013553719008264463,-0.011983471074380166,0.0021487603305785125
Mean (RCIW_2),0.015041322314049586,0.023801652892561982,0.012727272727272728,0.0,0.026115702479338844,-0.0015702479338842975,0.015537190082644628
Median (RCIW_3),-0.008099173553719008,-0.0006611570247933885,-0.013553719008264463,-0.026115702479338844,0.0,-0.021322314049586778,-0.0060330578512396696
Mean (RMAD),0.014628099173553719,0.019173553719008266,0.011983471074380166,0.0015702479338842975,0.021322314049586778,0.0,0.014710743801652892
Median (RMAD),-0.0008264462809917355,0.005454545454545455,-0.0021487603305785125,-0.015537190082644628,0.0060330578512396696,-0.014710743801652892,0.0
