,Mean (CV),Median (CV),Mean (RCIW_1),Mean (RCIW_2),Median (RCIW_3),Mean (RMAD),Median (RMAD)
Mean (CV),0.0,-0.15677685950413223,0.008760330578512396,-0.09702479338842976,-0.10892561983471075,-0.047933884297520664,-0.13661157024793388
Median (CV),0.15677685950413223,0.0,0.17264462809917355,0.07471074380165289,0.06,0.09016528925619835,0.018925619834710743
Mean (RCIW_1),-0.008760330578512396,-0.17264462809917355,0.0,-0.12355371900826446,-0.12925619834710744,-0.03859504132231405,-0.1328099173553719
Mean (RCIW_2),0.09702479338842976,-0.07471074380165289,0.12355371900826446,0.0,-0.011239669421487603,0.051570247933884296,-0.033388429752066115
Median (RCIW_3),0.10892561983471075,-0.06,0.12925619834710744,0.011239669421487603,0.0,0.06297520661157024,-0.02181818181818182
Mean (RMAD),0.047933884297520664,-0.09016528925619835,0.03859504132231405,-0.051570247933884296,-0.06297520661157024,0.0,-0.0896694214876033
Median (RMAD),0.13661157024793388,-0.018925619834710743,0.1328099173553719,0.033388429752066115,0.02181818181818182,0.0896694214876033,0.0
