,Mean (CV),Median (CV),Mean (RCIW_1),Mean (RCIW_2),Median (RCIW_3),Mean (RMAD),Median (RMAD)
Mean (CV),1.0,0.9226085043894816,0.9738847553358,0.8461807468334623,0.9099813982611651,0.8580648890646343,0.9888752139376538
Median (CV),0.9226085043894816,1.0,0.8966574890546335,0.7709425371615226,0.9873033577762597,0.7825584555890004,0.9336884196950337
Mean (RCIW_1),0.9738847553358,0.8966574890546335,1.0,0.871890724865432,0.8840804952383523,0.8838412064420245,0.9627684659464617
Mean (RCIW_2),0.8461807468334623,0.7709425371615226,0.871890724865432,1.0,0.7588009070232167,0.9879079123392566,0.83527808818181
Median (RCIW_3),0.9099813982611651,0.9873033577762597,0.8840804952383523,0.7588009070232167,1.0,0.7703630634446257,0.9210440243579057
Mean (RMAD),0.8580648890646343,0.7825584555890004,0.8838412064420245,0.9879079123392566,0.7703630634446257,1.0,0.8471302290596028
Median (RMAD),0.9888752139376538,0.9336884196950337,0.9627684659464617,0.83527808818181,0.9210440243579057,0.8471302290596028,1.0
