,Mean (CV),Median (CV),Mean (RCIW_1),Mean (RCIW_2),Median (RCIW_3),Mean (RMAD),Median (RMAD)
Mean (CV),1.0,0.041135997287298956,0.9018931112509494,0.2041216995699966,0.15772931938881474,0.543589243628614,0.08626089626238696
Median (CV),0.041135997287298956,1.0,0.030355010889589813,0.4399600445061458,0.5290827136872689,0.15135484808683997,0.7438974621570378
Mean (RCIW_1),0.9018931112509494,0.030355010889589813,1.0,0.1635695461920167,0.1245334804863179,0.46498405925980746,0.0659548527344467
Mean (RCIW_2),0.2041216995699966,0.4399600445061458,0.1635695461920167,1.0,0.8864056424872877,0.5076498099017208,0.6559120710302204
Median (RCIW_3),0.15772931938881474,0.5290827136872689,0.1245334804863179,0.8864056424872877,1.0,0.42061461813314527,0.7621105706255004
Mean (RMAD),0.543589243628614,0.15135484808683997,0.46498405925980746,0.5076498099017208,0.42061461813314527,1.0,0.26783339714909005
Median (RMAD),0.08626089626238696,0.7438974621570378,0.0659548527344467,0.6559120710302204,0.7621105706255004,0.26783339714909005,1.0
