Project,Method,Max Time in s,Max Time in h,Min Time in s,Min Time in h,Time Saved,Time Saved %,Fraction of leq 0.01 change,Fraction of leq 0.03 change,CI Lower Dev,CI Upper Dev
laaber_jmh-core-benchmarks,cv__mean__ci_bootstrap_mean_p,27500,7.638888888888888,7014,1.9483333333333335,20486,0.7449454545454546,0.6090909090909091,0.8636363636363636,0.3200123803951072,0.3997033750979247
laaber_jmh-core-benchmarks,cv__median__ci_bootstrap_median_p,27500,7.638888888888888,7014,1.9483333333333335,20486,0.7449454545454546,0.7727272727272727,0.9,0.4951298398833231,0.4946599630314085
laaber_jmh-core-benchmarks,rciw_mean_p__mean__ci_bootstrap_mean_p,27500,7.638888888888888,7355,2.0430555555555556,20145,0.7325454545454545,0.6363636363636364,0.8818181818181818,0.3218447079712216,0.399476619652346
laaber_jmh-core-benchmarks,rciw_mean_t__mean__ci_bootstrap_mean_t,27500,7.638888888888888,11170,3.1027777777777774,16330,0.5938181818181818,0.7727272727272727,0.9363636363636364,0.3595200133684907,0.394978064209374
laaber_jmh-core-benchmarks,rciw_median_p__median__ci_bootstrap_median_p,27500,7.638888888888888,7380,2.05,20120,0.7316363636363636,0.7818181818181819,0.9272727272727272,0.4951477306240224,0.4946599630314085
laaber_jmh-core-benchmarks,rmad__mean__ci_bootstrap_mean_p,27500,7.638888888888888,604,0.16777777777777778,26896,0.9780363636363636,0.4818181818181818,0.7818181818181819,1.372737842739968,0.3997033750979247
laaber_jmh-core-benchmarks,rmad__median__ci_bootstrap_median_p,27500,7.638888888888888,604,0.16777777777777778,26896,0.9780363636363636,0.6545454545454545,0.8545454545454545,1.6154936302664689,0.4946599630314085
