,Mean (CV),Mean (RCIW_1),Mean (RCIW_2),Median (RCIW_3),Median (RMAD)
Mean (CV),0.0,-0.0006071332201076173,-0.0019523499626990049,0.00331740766019587,0.002174568657640355
Mean (RCIW_1),0.0006071332201076173,0.0,-0.0013214075967048142,0.0042380279678100345,0.0027618609228424944
Mean (RCIW_2),0.0019523499626990049,0.0013214075967048142,0.0,0.005428485262138696,0.0039999365089443024
Median (RCIW_3),-0.00331740766019587,-0.0042380279678100345,-0.005428485262138696,0.0,-0.0006031650291265218
Median (RMAD),-0.002174568657640355,-0.0027618609228424944,-0.0039999365089443024,0.0006031650291265218,0.0
