,Mean (CV),Mean (RCIW_1),Mean (RCIW_2),Median (RCIW_3),Median (RMAD)
Mean (CV),1.0,0.9853206809250658,0.9572482609192475,0.9277753045115529,0.9507095730349925
Mean (RCIW_1),0.9853206809250658,1.0,0.9719137340009197,0.9131683505083015,0.936066601726081
Mean (RCIW_2),0.9572482609192475,0.9719137340009197,1.0,0.8853020882722702,0.9081100414410314
Median (RCIW_3),0.9277753045115529,0.9131683505083015,0.8853020882722702,1.0,0.9770013927632862
Median (RMAD),0.9507095730349925,0.936066601726081,0.9081100414410314,0.9770013927632862,1.0
