,Mean (CV),Mean (RCIW_1),Mean (RCIW_2),Median (RCIW_3),Median (RMAD)
Mean (CV),1.0,0.26424561404551283,0.00011513977256188187,0.00018156157503381923,0.00044920701681620676
Mean (RCIW_1),0.26424561404551283,1.0,0.006146957846543227,0.008614964206578344,0.016714185749415057
Mean (RCIW_2),0.00011513977256188187,0.006146957846543227,1.0,0.910133415025902,0.7286648772733828
Median (RCIW_3),0.00018156157503381923,0.008614964206578344,0.910133415025902,1.0,0.8149602685093285
Median (RMAD),0.00044920701681620676,0.016714185749415057,0.7286648772733828,0.8149602685093285,1.0
