,Mean (CV),Median (CV),Mean (RCIW_1),Mean (RCIW_2),Median (RCIW_3),Mean (RMAD),Median (RMAD)
Mean (CV),0.0,-0.0003293492289015437,0.03605608128032598,0.0422601016387039,0.036013955216164156,-0.5129690832985474,-0.27714737612064905
Median (CV),0.0003293492289015437,0.0,0.036159481619632276,0.042267760923096954,0.03608671841789821,-0.5117895535020163,-0.275975505608511
Mean (RCIW_1),-0.03605608128032598,-0.036159481619632276,0.0,0.006422309963580103,-8.425212832365072e-05,-0.5672389428655681,-0.31892877248478674
Mean (RCIW_2),-0.0422601016387039,-0.042267760923096954,-0.006422309963580103,0.0,-0.006429969247973162,-0.5823545406152704,-0.3307700261564562
Median (RCIW_3),-0.036013955216164156,-0.03608671841789821,8.425212832365072e-05,0.006429969247973162,0.0,-0.5670283125447589,-0.31875643858594294
Mean (RMAD),0.5129690832985474,0.5117895535020163,0.5672389428655681,0.5823545406152704,0.5670283125447589,0.0,0.1737163996767782
Median (RMAD),0.27714737612064905,0.275975505608511,0.31892877248478674,0.3307700261564562,0.31875643858594294,-0.1737163996767782,0.0
