,Mean (CV),Median (CV),Mean (RCIW_1),Mean (RCIW_2),Median (RCIW_3),Mean (RMAD),Median (RMAD)
Mean (CV),0.0,0.014196483622535146,0.011021710241612127,0.012852279211553264,0.026106670853742135,-0.06266443526181349,-0.03322214605489409
Median (CV),-0.014196483622535146,0.0,-0.0032973219312119667,-0.0014131379705194145,0.011879550093634752,-0.0754707587670084,-0.04610506240401959
Mean (RCIW_1),-0.011021710241612127,0.0032973219312119667,0.0,0.0018765246762994933,0.015284102006349547,-0.0741495322092057,-0.04442001983754658
Mean (RCIW_2),-0.012852279211553264,0.0014131379705194145,-0.0018765246762994933,0.0,0.013361621623691698,-0.07596861225255724,-0.046173995963557125
Median (RCIW_3),-0.026106670853742135,-0.011879550093634752,-0.015284102006349547,-0.013361621623691698,0.0,-0.08782518449301281,-0.058271835662394064
Mean (RMAD),0.06266443526181349,0.0754707587670084,0.0741495322092057,0.07596861225255724,0.08782518449301281,0.0,0.028764442538133664
Median (RMAD),0.03322214605489409,0.04610506240401959,0.04442001983754658,0.046173995963557125,0.058271835662394064,-0.028764442538133664,0.0
