,Mean (CV),Median (CV),Mean (RCIW_1),Mean (RCIW_2),Median (RCIW_3),Mean (RMAD),Median (RMAD)
Mean (CV),1.0,0.9861892798766342,0.13975608251028274,0.07342261918526645,0.14072951037550088,1.7894733549549276e-79,2.195501912972258e-26
Median (CV),0.9861892798766342,1.0,0.13517300644497354,0.07068361933251731,0.1361217547451171,2.4829116450623942e-79,2.6428115300071836e-26
Mean (RCIW_1),0.13975608251028274,0.13517300644497354,1.0,0.7539048285296727,0.9971115624266889,4.374361103357767e-92,9.909364395718174e-34
Mean (RCIW_2),0.07342261918526645,0.07068361933251731,0.7539048285296727,1.0,0.7511564561851356,6.949223508860508e-95,2.0683729979524644e-35
Median (RCIW_3),0.14072951037550088,0.1361217547451171,0.9971115624266889,0.7511564561851356,1.0,4.709638342263696e-92,1.0356261103125465e-33
Mean (RMAD),1.7894733549549276e-79,2.4829116450623942e-79,4.374361103357767e-92,6.949223508860508e-95,4.709638342263696e-92,1.0,1.6148449890509074e-16
Median (RMAD),2.195501912972258e-26,2.6428115300071836e-26,9.909364395718174e-34,2.0683729979524644e-35,1.0356261103125465e-33,1.6148449890509074e-16,1.0
