,Mean (CV),Median (CV),Mean (RCIW_1),Mean (RCIW_2),Median (RCIW_3),Mean (RMAD),Median (RMAD)
Mean (CV),1.0,0.7106031352771003,0.7578872525984981,0.718170280521853,0.48088949327947583,0.09087827140808055,0.3757380696203365
Median (CV),0.7106031352771003,1.0,0.9499338894383955,0.9919088443894399,0.7385105105078256,0.039224009881823146,0.20881791429704133
Mean (RCIW_1),0.7578872525984981,0.9499338894383955,1.0,0.9580116822920628,0.691650456430148,0.045604102088578624,0.23246517379758413
Mean (RCIW_2),0.718170280521853,0.9919088443894399,0.9580116822920628,1.0,0.7308708027847961,0.04019997787796512,0.21251427798409295
Median (RCIW_3),0.48088949327947583,0.7385105105078256,0.691650456430148,0.7308708027847961,1.0,0.016590672448325287,0.11168859644997224
Mean (RMAD),0.09087827140808055,0.039224009881823146,0.045604102088578624,0.04019997787796512,0.016590672448325287,1.0,0.4208158771812398
Median (RMAD),0.3757380696203365,0.20881791429704133,0.23246517379758413,0.21251427798409295,0.11168859644997224,0.4208158771812398,1.0
