,Mean (CV),Median (CV),Mean (RCIW_1),Mean (RCIW_2),Median (RCIW_3),Mean (RMAD),Median (RMAD)
Mean (CV),1.0,0.9865022570674044,0.14386263379768202,0.07652610333440875,0.1448441608443431,1.118913110638006e-80,8.138351180930029e-27
Median (CV),0.9865022570674044,1.0,0.13928074803184773,0.0737557114393457,0.14023819513978103,1.5448244442576881e-80,9.770495760713982e-27
Mean (RCIW_1),0.14386263379768202,0.13928074803184773,1.0,0.75682632618666,0.9971514256238122,3.01121033666659e-93,3.864291533120383e-34
Mean (RCIW_2),0.07652610333440875,0.0737557114393457,0.75682632618666,1.0,0.7541125962181819,4.9750356127552695e-96,8.264559295891245e-36
Median (RCIW_3),0.1448441608443431,0.14023819513978103,0.9971514256238122,0.7541125962181819,1.0,3.240213773641753e-93,4.0372103982404684e-34
Mean (RMAD),1.118913110638006e-80,1.5448244442576881e-80,3.01121033666659e-93,4.9750356127552695e-96,3.240213773641753e-93,1.0,1.028855190051531e-16
Median (RMAD),8.138351180930029e-27,9.770495760713982e-27,3.864291533120383e-34,8.264559295891245e-36,4.0372103982404684e-34,1.028855190051531e-16,1.0
