,Mean (CV),Median (CV),Mean (RCIW_1),Mean (RCIW_2),Median (RCIW_3),Mean (RMAD),Median (RMAD)
Mean (CV),1.0,0.7015925182075284,0.7594699920150313,0.7207616325739785,0.47408311226311284,0.08428090310071892,0.3606917333749645
Median (CV),0.7015925182075284,1.0,0.9386277103776705,0.9794722584681551,0.7393760174822984,0.03489787354212244,0.194555702756402
Mean (RCIW_1),0.7594699920150313,0.9386277103776705,1.0,0.9591149818097804,0.682044709295673,0.04209834417790536,0.222379724878776
Mean (RCIW_2),0.7207616325739785,0.9794722584681551,0.9591149818097804,1.0,0.720036267296361,0.037177372751648854,0.20355478585926023
Median (RCIW_3),0.47408311226311284,0.7393760174822984,0.682044709295673,0.720036267296361,1.0,0.014597199205973462,0.10312280500847099
Mean (RMAD),0.08428090310071892,0.03489787354212244,0.04209834417790536,0.037177372751648854,0.014597199205973462,1.0,0.4166068787273447
Median (RMAD),0.3606917333749645,0.194555702756402,0.222379724878776,0.20355478585926023,0.10312280500847099,0.4166068787273447,1.0
