Project,Method,Max Time in s,Max Time in h,Min Time in s,Min Time in h,Time Saved,Time Saved %,Fraction of leq 0.01 change,Fraction of leq 0.03 change,CI Lower Dev,CI Upper Dev
laaber_log4j2,cv__mean__ci_bootstrap_mean_p,255500,70.97222222222221,237683,66.02305555555556,17817,0.06973385518590998,0.9315068493150684,0.9334637964774951,20.88653368975614,40.55883782054818
laaber_log4j2,cv__median__ci_bootstrap_median_p,255500,70.97222222222221,237683,66.02305555555556,17817,0.06973385518590998,0.9295499021526419,0.9334637964774951,43.98706231867576,43.54106454669534
laaber_log4j2,rciw_mean_p__mean__ci_bootstrap_mean_p,255500,70.97222222222221,245984,68.3288888888889,9516,0.037244618395303325,0.9667318982387475,0.9784735812133072,0.9667885235601298,0.994020123150794
laaber_log4j2,rciw_mean_t__mean__ci_bootstrap_mean_t,255500,70.97222222222221,251811,69.9475,3689,0.014438356164383562,0.9882583170254403,0.9980430528375733,0.0796692789598672,0.0815299726433592
laaber_log4j2,rciw_median_p__median__ci_bootstrap_median_p,255500,70.97222222222221,246149,68.37472222222223,9351,0.03659882583170254,0.9686888454011742,0.9784735812133072,1.025718953496728,1.026524522120779
laaber_log4j2,rmad__mean__ci_bootstrap_mean_p,255500,70.97222222222221,81702,22.695,173798,0.6802270058708415,0.33072407045009783,0.3835616438356164,21.210837273832063,40.55883782054818
laaber_log4j2,rmad__median__ci_bootstrap_median_p,255500,70.97222222222221,81702,22.695,173798,0.6802270058708415,0.4187866927592955,0.5401174168297456,44.069331834414186,43.54106454669534
