,Mean (CV),Median (CV),Mean (RCIW_1),Mean (RCIW_2),Median (RCIW_3),Mean (RMAD),Median (RMAD)
Mean (CV),1.0,0.9253192161188477,0.15971417503095708,0.03689330389323172,0.1682848189152676,0.00016869299387032915,0.0009480534818200998
Median (CV),0.9253192161188477,1.0,0.13367423059286027,0.029207212960876746,0.14116363725297607,0.0002443908728721779,0.0013192011647226603
Mean (RCIW_1),0.15971417503095708,0.13367423059286027,1.0,0.4959288775037376,0.9774248508122398,2.3681950720576612e-07,2.4585339877888854e-06
Mean (RCIW_2),0.03689330389323172,0.029207212960876746,0.4959288775037376,1.0,0.47819613038074305,4.95293702095959e-09,6.950421415635034e-08
Median (RCIW_3),0.1682848189152676,0.14116363725297607,0.9774248508122398,0.47819613038074305,1.0,2.754135685770048e-07,2.823739535141036e-06
Mean (RMAD),0.00016869299387032915,0.0002443908728721779,2.3681950720576612e-07,4.95293702095959e-09,2.754135685770048e-07,1.0,0.6481759415890631
Median (RMAD),0.0009480534818200998,0.0013192011647226603,2.4585339877888854e-06,6.950421415635034e-08,2.823739535141036e-06,0.6481759415890631,1.0
