,Mean (CV),Median (CV),Mean (RCIW_1),Mean (RCIW_2),Median (RCIW_3),Mean (RMAD),Median (RMAD)
Mean (CV),1.0,0.7764341724083125,0.7720413944906905,0.6248008872586126,0.5469356024627416,0.47331651761615734,0.5642481945445559
Median (CV),0.7764341724083125,1.0,0.9954227636007456,0.8375028332066101,0.7501895521950697,0.31679670254942605,0.38950688077322004
Mean (RCIW_1),0.7720413944906905,0.9954227636007456,1.0,0.8419874500064031,0.7545445447039847,0.3140313654797079,0.3863537756344738
Mean (RCIW_2),0.6248008872586126,0.8375028332066101,0.8419874500064031,1.0,0.909792127044757,0.2277592874898141,0.2866041950293182
Median (RCIW_3),0.5469356024627416,0.7501895521950697,0.7545445447039847,0.909792127044757,1.0,0.18701814483115897,0.23843743340025336
Mean (RMAD),0.47331651761615734,0.31679670254942605,0.3140313654797079,0.2277592874898141,0.18701814483115897,1.0,0.8882252206375072
Median (RMAD),0.5642481945445559,0.38950688077322004,0.3863537756344738,0.2866041950293182,0.23843743340025336,0.8882252206375072,1.0
