,Mean (CV),Median (CV),Mean (RCIW_1),Mean (RCIW_2),Median (RCIW_3),Median (RCIW_4),Mean (RMAD),Median (RMAD)
Mean (CV),0.0,-0.2220408163265306,-0.06285714285714286,-0.10938775510204081,-0.22693877551020408,-0.14612244897959184,-0.05714285714285714,-0.1910204081632653
Median (CV),0.2220408163265306,0.0,0.16326530612244897,0.11673469387755102,-0.004081632653061225,0.07102040816326531,0.12653061224489795,0.05551020408163265
Mean (RCIW_1),0.06285714285714286,-0.16326530612244897,0.0,-0.03918367346938775,-0.16816326530612244,-0.07428571428571429,0.007346938775510204,-0.1306122448979592
Mean (RCIW_2),0.10938775510204081,-0.11673469387755102,0.03918367346938775,0.0,-0.12979591836734694,0.004081632653061225,0.11183673469387755,-0.03836734693877551
Median (RCIW_3),0.22693877551020408,0.004081632653061225,0.16816326530612244,0.12979591836734694,0.0,0.08571428571428572,0.14285714285714285,0.061224489795918366
Median (RCIW_4),0.14612244897959184,-0.07102040816326531,0.07428571428571429,-0.004081632653061225,-0.08571428571428572,0.0,0.10857142857142857,0.02122448979591837
Mean (RMAD),0.05714285714285714,-0.12653061224489795,-0.007346938775510204,-0.11183673469387755,-0.14285714285714285,-0.10857142857142857,0.0,-0.06285714285714286
Median (RMAD),0.1910204081632653,-0.05551020408163265,0.1306122448979592,0.03836734693877551,-0.061224489795918366,-0.02122448979591837,0.06285714285714286,0.0
