,Mean (CV),Median (CV),Mean (RCIW_1),Mean (RCIW_2),Median (RCIW_3),Mean (RMAD),Median (RMAD)
Mean (CV),1.0,0.965694497993387,0.9818342340021721,0.9724180600770107,0.9757806062512766,0.9811615506550415,0.9562857140412577
Median (CV),0.965694497993387,1.0,0.947554408591988,0.938158533116684,0.98990730490207,0.9468830171010496,0.9905801188633675
Mean (RCIW_1),0.9818342340021721,0.947554408591988,1.0,0.9905801188633675,0.9576294838492675,0.9993271357957307,0.938158533116684
Mean (RCIW_2),0.9724180600770107,0.938158533116684,0.9905801188633675,1.0,0.9482258373270087,0.9912529395235118,0.9287712601281473
Median (RCIW_3),0.9757806062512766,0.98990730490207,0.9576294838492675,0.9482258373270087,1.0,0.9569575836548334,0.9804888807028028
Mean (RMAD),0.9811615506550415,0.9468830171010496,0.9993271357957307,0.9912529395235118,0.9569575836548334,1.0,0.9374877129201215
Median (RMAD),0.9562857140412577,0.9905801188633675,0.938158533116684,0.9287712601281473,0.9804888807028028,0.9374877129201215,1.0
