,Mean (CV),Median (CV),Mean (RCIW_1),Mean (RCIW_2),Median (RCIW_3),Median (RCIW_4),Mean (RMAD),Median (RMAD)
Mean (CV),1.0,0.10799945362446858,0.6425035707726112,0.36526511147325147,0.09513793129644957,0.27296603469448566,0.6409081649798531,0.23674727662101547
Median (CV),0.10799945362446858,1.0,0.2530181888599198,0.4827588178218596,0.9508448035520719,0.6093561486563291,0.25394443032460856,0.671497074715898
Mean (RCIW_1),0.6425035707726112,0.2530181888599198,1.0,0.6590849631052783,0.2283210415841117,0.5273500157130924,0.9982221822477394,0.4721687174917476
Mean (RCIW_2),0.36526511147325147,0.4827588178218596,0.6590849631052783,1.0,0.44515440979005405,0.8486199614578509,0.6606987114969147,0.7811827620110656
Median (RCIW_3),0.09513793129644957,0.9508448035520719,0.2283210415841117,0.44515440979005405,1.0,0.5668893823658813,0.2291826830390059,0.6271513914215532
Median (RCIW_4),0.27296603469448566,0.6093561486563291,0.5273500157130924,0.8486199614578509,0.5668893823658813,1.0,0.5288069628169316,0.9307522135531807
Mean (RMAD),0.6409081649798531,0.25394443032460856,0.9982221822477394,0.6606987114969147,0.2291826830390059,0.5288069628169316,1.0,0.4735427359791792
Median (RMAD),0.23674727662101547,0.671497074715898,0.4721687174917476,0.7811827620110656,0.6271513914215532,0.9307522135531807,0.4735427359791792,1.0
