,Mean (CV),Median (CV),Mean (RCIW_1),Mean (RCIW_2),Median (RCIW_3),Mean (RMAD),Median (RMAD)
Mean (CV),1.0,0.8296688628898973,0.9548240670482877,0.9257276822444255,0.8431106446310945,0.9925621170093776,0.8825637095785375
Median (CV),0.8296688628898973,1.0,0.7857941032688023,0.7578177949428121,0.9862690026551906,0.8224083965450857,0.9462583054477909
Mean (RCIW_1),0.9548240670482877,0.7857941032688023,1.0,0.9708266934828415,0.7990582439748067,0.9622519858810142,0.8380643964429495
Mean (RCIW_2),0.9257276822444255,0.7578177949428121,0.9708266934828415,1.0,0.7709461075921615,0.9331365356412946,0.8096005061164355
Median (RCIW_3),0.8431106446310945,0.9862690026551906,0.7990582439748067,0.7709461075921615,1.0,0.8358237425264758,0.9599660933667639
Mean (RMAD),0.9925621170093776,0.8224083965450857,0.9622519858810142,0.9331365356412946,0.8358237425264758,1.0,0.8752116005960416
Median (RMAD),0.8825637095785375,0.9462583054477909,0.8380643964429495,0.8096005061164355,0.9599660933667639,0.8752116005960416,1.0
