,Mean (CV),Median (CV),Mean (RCIW_1),Mean (RCIW_2),Median (RCIW_3),Mean (RMAD),Median (RMAD)
Mean (CV),1.0,0.5835280240099404,0.4174812380577615,0.1862072047229003,0.217991778189074,0.6023724273121474,0.5168920611667667
Median (CV),0.5835280240099404,1.0,0.7928896629184641,0.43914131797512923,0.494198077956163,0.2849657897832165,0.920419793854676
Mean (RCIW_1),0.4174812380577615,0.7928896629184641,1.0,0.609292272001738,0.6736915977005089,0.1829289892879724,0.8707899606101008
Mean (RCIW_2),0.1862072047229003,0.43914131797512923,0.609292272001738,1.0,0.928289588708194,0.06534732030005304,0.5004771960888288
Median (RCIW_3),0.217991778189074,0.494198077956163,0.6736915977005089,0.928289588708194,1.0,0.07962301998876714,0.5593938437494026
Mean (RMAD),0.6023724273121474,0.2849657897832165,0.1829289892879724,0.06534732030005304,0.07962301998876714,1.0,0.2423490411744711
Median (RMAD),0.5168920611667667,0.920419793854676,0.8707899606101008,0.5004771960888288,0.5593938437494026,0.2423490411744711,1.0
