,Mean (CV),Median (CV),Mean (RCIW_1),Mean (RCIW_2),Median (RCIW_3),Mean (RMAD),Median (RMAD)
Mean (CV),1.0,0.866223458073567,0.9774178035872256,0.9779684471124388,0.839692397988684,0.9939406110919705,0.8689397319550065
Median (CV),0.866223458073567,1.0,0.8885406624101794,0.8879952136011202,0.97301306480623,0.8722013007023255,0.9972457113093585
Mean (RCIW_1),0.9774178035872256,0.8885406624101794,1.0,0.9994491412116032,0.8618807174426218,0.9834754165126227,0.8912686930596484
Mean (RCIW_2),0.9779684471124388,0.8879952136011202,0.9994491412116032,1.0,0.861338165507466,0.9840261610960479,0.8907229828993412
Median (RCIW_3),0.839692397988684,0.97301306480623,0.8618807174426218,0.861338165507466,1.0,0.8456336338339814,0.9702605124463329
Mean (RMAD),0.9939406110919705,0.8722013007023255,0.9834754165126227,0.9840261610960479,0.8456336338339814,1.0,0.87492093774004
Median (RMAD),0.8689397319550065,0.9972457113093585,0.8912686930596484,0.8907229828993412,0.9702605124463329,0.87492093774004,1.0
