,Mean (CV),Median (CV),Mean (RCIW_1),Mean (RCIW_2),Median (RCIW_3),Mean (RMAD),Median (RMAD)
Mean (CV),1.0,0.4605043846513651,0.9371434698452498,0.4998160215807662,0.4195480312504216,0.3771874400108439,0.9744795174463761
Median (CV),0.4605043846513651,1.0,0.5097956485913641,0.949577538123053,0.9448391368898714,0.10499470481785073,0.480172015338893
Mean (RCIW_1),0.9371434698452498,0.5097956485913641,1.0,0.5512295966594061,0.4664024379210565,0.3360742066040455,0.9626168355843314
Mean (RCIW_2),0.4998160215807662,0.949577538123053,0.5512295966594061,1.0,0.894647066831044,0.11926415375190991,0.5203612690779837
Median (RCIW_3),0.4195480312504216,0.9448391368898714,0.4664024379210565,0.894647066831044,1.0,0.09097134043570373,0.43821263920789866
Mean (RMAD),0.3771874400108439,0.10499470481785073,0.3360742066040455,0.11926415375190991,0.09097134043570373,1.0,0.3601490982781538
Median (RMAD),0.9744795174463761,0.480172015338893,0.9626168355843314,0.5203612690779837,0.43821263920789866,0.3601490982781538,1.0
