,Mean (CV),Median (CV),Mean (RCIW_1),Mean (RCIW_2),Median (RCIW_3),Mean (RMAD),Median (RMAD)
Mean (CV),0.0,-0.025035551152820742,0.04030631585340569,0.08414156793673465,0.04227183908888521,-0.3826843371778144,-0.26521893017732645
Median (CV),0.025035551152820742,0.0,0.06684663892385247,0.11203534800337606,0.06913730598704451,-0.3646605833530549,-0.24545950519497112
Mean (RCIW_1),-0.04030631585340569,-0.06684663892385247,0.0,0.05003968744306056,0.003007449511080022,-0.45917167384670804,-0.32996600911868745
Mean (RCIW_2),-0.08414156793673465,-0.11203534800337606,-0.05003968744306056,0.0,-0.04375252627853255,-0.530922172819442,-0.3927868334027951
Median (RCIW_3),-0.04227183908888521,-0.06913730598704451,-0.003007449511080022,0.04375252627853255,0.0,-0.45355417283619665,-0.3240704865743349
Mean (RMAD),0.3826843371778144,0.3646605833530549,0.45917167384670804,0.530922172819442,0.45355417283619665,0.0,0.10049823972053339
Median (RMAD),0.26521893017732645,0.24545950519497112,0.32996600911868745,0.3927868334027951,0.3240704865743349,-0.10049823972053339,0.0
