,Mean (CV),Median (CV),Mean (RCIW_1),Mean (RCIW_2),Median (RCIW_3),Mean (RMAD),Median (RMAD)
Mean (CV),0.0,0.02110293393873264,0.0017398598059399223,0.003336781987136661,0.023939172448746653,-0.037521911866650194,-0.005018524297301882
Median (CV),-0.02110293393873264,0.0,-0.019725915795602338,-0.0181734980030619,0.002527849275677985,-0.05402989857188035,-0.02274121902232759
Mean (RCIW_1),-0.0017398598059399223,0.019725915795602338,0.0,0.0017513785888862593,0.022724988009994115,-0.03944031280825834,-0.006670946069058245
Mean (RCIW_2),-0.003336781987136661,0.0181734980030619,-0.0017513785888862593,0.0,0.021205032242120628,-0.0410754564055952,-0.008315514125169378
Median (RCIW_3),-0.023939172448746653,-0.002527849275677985,-0.022724988009994115,-0.021205032242120628,0.0,-0.05679178857378618,-0.025336610252554553
Mean (RMAD),0.037521911866650194,0.05402989857188035,0.03944031280825834,0.0410754564055952,0.05679178857378618,0.0,0.027845610610683986
Median (RMAD),0.005018524297301882,0.02274121902232759,0.006670946069058245,0.008315514125169378,0.025336610252554553,-0.027845610610683986,0.0
