,Mean (CV),Median (CV),Mean (RCIW_1),Mean (RCIW_2),Median (RCIW_3),Mean (RMAD),Median (RMAD)
Mean (CV),1.0,0.23339716337212335,0.017583862946346108,6.231507114576434e-07,0.015960879212325297,1.7949335862146736e-86,1.6687529695437956e-43
Median (CV),0.23339716337212335,1.0,0.0003625823238854851,6.593181317861463e-10,0.0003164322986402648,1.488489174551094e-76,1.289445991378706e-36
Mean (RCIW_1),0.017583862946346108,0.0003625823238854851,1.0,0.00906390389254465,0.9716471046397317,4.5492329951085004e-108,4.667185314144208e-59
Mean (RCIW_2),6.231507114576434e-07,6.593181317861463e-10,0.00906390389254465,1.0,0.010050359897915334,1.2659200670746863e-134,5.756432441802654e-79
Median (RCIW_3),0.015960879212325297,0.0003164322986402648,0.9716471046397317,0.010050359897915334,1.0,2.0705605239288002e-108,2.6163788428907144e-59
Mean (RMAD),1.7949335862146736e-86,1.488489174551094e-76,4.5492329951085004e-108,1.2659200670746863e-134,2.0705605239288002e-108,1.0,4.132746114413104e-09
Median (RMAD),1.6687529695437956e-43,1.289445991378706e-36,4.667185314144208e-59,5.756432441802654e-79,2.6163788428907144e-59,4.132746114413104e-09,1.0
