,Mean (CV),Median (CV),Mean (RCIW_1),Mean (RCIW_2),Median (RCIW_3),Mean (RMAD),Median (RMAD)
Mean (CV),1.0,0.3597109651728152,0.9417892908063846,0.8827348616037192,0.29773096906960894,0.10516467113643446,0.8317850262350933
Median (CV),0.3597109651728152,1.0,0.39928726322079755,0.44224198506025447,0.9002103791612991,0.01120528633567037,0.25918110756515544
Mean (RCIW_1),0.9417892908063846,0.39928726322079755,1.0,0.9406268274218327,0.33289934603047366,0.09039153964826775,0.7753117291390916
Mean (RCIW_2),0.8827348616037192,0.44224198506025447,0.9406268274218327,1.0,0.3714244254998784,0.07709133620180175,0.7189099830997966
Median (RCIW_3),0.29773096906960894,0.9002103791612991,0.33289934603047366,0.3714244254998784,1.0,0.007776414446797503,0.20994221913708233
Mean (RMAD),0.10516467113643446,0.01120528633567037,0.09039153964826775,0.07709133620180175,0.007776414446797503,1.0,0.15916008088838285
Median (RMAD),0.8317850262350933,0.25918110756515544,0.7753117291390916,0.7189099830997966,0.20994221913708233,0.15916008088838285,1.0
