,Mean (CV),Median (CV),Mean (RCIW_1),Mean (RCIW_2),Median (RCIW_3),Mean (RMAD),Median (RMAD)
Mean (CV),0.0,0.011413440467494521,-0.004930606281957633,-0.002282688093498904,0.008308984660336012,0.0008217677136596055,0.008126369612856099
Median (CV),-0.011413440467494521,0.0,-0.0147918188458729,-0.012509130752373995,-0.0028305332359386415,-0.007213294375456538,-0.001963111760409058
Mean (RCIW_1),0.004930606281957633,0.0147918188458729,0.0,0.002602264426588751,0.013056975894813732,0.004611029948867786,0.01214390065741417
Mean (RCIW_2),0.002282688093498904,0.012509130752373995,-0.002602264426588751,0.0,0.010226442658875092,0.001597881665449233,0.009861212563915266
Median (RCIW_3),-0.008308984660336012,0.0028305332359386415,-0.013056975894813732,-0.010226442658875092,0.0,-0.00547845142439737,0.0006391526661796933
Mean (RMAD),-0.0008217677136596055,0.007213294375456538,-0.004611029948867786,-0.001597881665449233,0.00547845142439737,0.0,0.006117604090577064
Median (RMAD),-0.008126369612856099,0.001963111760409058,-0.01214390065741417,-0.009861212563915266,-0.0006391526661796933,-0.006117604090577064,0.0
