,Mean (CV),Median (CV),Mean (RCIW_1),Mean (RCIW_2),Median (RCIW_3),Mean (RMAD),Median (RMAD)
Mean (CV),1.0,0.4249576971520802,0.7013773267295389,0.9955135963744686,0.11035419735902971,0.9011522471603877,0.6435185015785276
Median (CV),0.4249576971520802,1.0,0.6785900866079279,0.42822842733423605,0.42443340863977796,0.3564995555429832,0.7375762377856766
Mean (RCIW_1),0.7013773267295389,0.6785900866079279,1.0,0.7055502139437069,0.22507581680659006,0.6116863419885121,0.9367756394632678
Mean (RCIW_2),0.9955135963744686,0.42822842733423605,0.7055502139437069,1.0,0.11161402223385142,0.8967018707663333,0.6475545569261304
Median (RCIW_3),0.11035419735902971,0.42443340863977796,0.22507581680659006,0.11161402223385142,1.0,0.08528547964108166,0.25687082773465253
Mean (RMAD),0.9011522471603877,0.3564995555429832,0.6116863419885121,0.8967018707663333,0.08528547964108166,1.0,0.5572098316167675
Median (RMAD),0.6435185015785276,0.7375762377856766,0.9367756394632678,0.6475545569261304,0.25687082773465253,0.5572098316167675,1.0
