,Mean (CV),Median (CV),Mean (RCIW_1),Mean (RCIW_2),Median (RCIW_3),Mean (RMAD),Median (RMAD)
Mean (CV),1.0,0.8779566018295341,0.9479587685572763,0.9789231863849764,0.9067515500767299,0.9835717334602533,0.904519865262992
Median (CV),0.8779566018295341,1.0,0.8267821474102947,0.8571690245951666,0.9709449371662192,0.8942180054785345,0.9731909808188435
Mean (RCIW_1),0.9479587685572763,0.8267821474102947,1.0,0.9690088769192537,0.8552631368270048,0.9315764697039665,0.8530533650731403
Mean (RCIW_2),0.9789231863849764,0.8571690245951666,0.9690088769192537,1.0,0.8858511939528251,0.9625051179353981,0.8836272637257983
Median (RCIW_3),0.9067515500767299,0.9709449371662192,0.8552631368270048,0.8858511939528251,1.0,0.9230871878539594,0.9977525812888047
Mean (RMAD),0.9835717334602533,0.8942180054785345,0.9315764697039665,0.9625051179353981,0.9230871878539594,1.0,0.9208505230828098
Median (RMAD),0.904519865262992,0.9731909808188435,0.8530533650731403,0.8836272637257983,0.9977525812888047,0.9208505230828098,1.0
