,Mean (CV),Median (CV),Mean (RCIW_1),Mean (RCIW_2),Median (RCIW_3),Mean (RMAD),Median (RMAD)
Mean (CV),1.0,0.9939923574870786,0.9389813241380413,0.9070916218463025,0.6487230748562057,1.5784386746836234e-10,4.732519949876317e-05
Median (CV),0.9939923574870786,1.0,0.9329929840465958,0.9130611116586546,0.6433167960735748,1.6581537028905912e-10,4.8877854655413755e-05
Mean (RCIW_1),0.9389813241380413,0.9329929840465958,1.0,0.8467568777239951,0.7046978392415646,9.535049641468412e-11,3.398007956722948e-05
Mean (RCIW_2),0.9070916218463025,0.9130611116586546,0.8467568777239951,1.0,0.5671562642090018,3.366475389633215e-10,7.758155298222884e-05
Median (RCIW_3),0.6487230748562057,0.6433167960735748,0.7046978392415646,0.5671562642090018,1.0,7.225073226759747e-12,6.068307935151402e-06
Mean (RMAD),1.5784386746836234e-10,1.6581537028905912e-10,9.535049641468412e-11,3.366475389633215e-10,7.225073226759747e-12,1.0,0.01985186278840789
Median (RMAD),4.732519949876317e-05,4.8877854655413755e-05,3.398007956722948e-05,7.758155298222884e-05,6.068307935151402e-06,0.01985186278840789,1.0
