,Mean (CV),Median (CV),Mean (RCIW_1),Mean (RCIW_2),Median (RCIW_3),Mean (RMAD),Median (RMAD)
Mean (CV),1.0,0.6917551568143467,0.9991930084796868,1.0,0.6820827484901972,0.10669988731808157,0.24029421689260644
Median (CV),0.6917551568143467,1.0,0.6910093126163079,0.6917551568143467,0.9895094107169646,0.04446509724767857,0.11624630135856417
Mean (RCIW_1),0.9991930084796868,0.6910093126163079,1.0,0.9991930084796868,0.6813408513237472,0.1069197302234068,0.24069945446764696
Mean (RCIW_2),1.0,0.6917551568143467,0.9991930084796868,1.0,0.6820827484901972,0.10669988731808157,0.24029421689260644
Median (RCIW_3),0.6820827484901972,0.9895094107169646,0.6813408513237472,0.6820827484901972,1.0,0.04309087275996228,0.11322230231947189
Mean (RMAD),0.10669988731808157,0.04446509724767857,0.1069197302234068,0.10669988731808157,0.04309087275996228,1.0,0.6606950856532474
Median (RMAD),0.24029421689260644,0.11624630135856417,0.24069945446764696,0.24029421689260644,0.11322230231947189,0.6606950856532474,1.0
