,Mean (CV),Median (CV),Mean (RCIW_1),Mean (RCIW_2),Median (RCIW_3),Mean (RMAD),Median (RMAD)
Mean (CV),0.0,-0.016942148760330577,-0.025702479338842975,0.02975206611570248,-0.01115702479338843,-0.5520661157024793,-0.35024793388429754
Median (CV),0.016942148760330577,0.0,-0.008512396694214877,0.04776859504132231,0.006198347107438017,-0.5414876033057852,-0.3375206611570248
Mean (RCIW_1),0.025702479338842975,0.008512396694214877,0.0,0.057603305785123966,0.010826446280991735,-0.5900826446280992,-0.3808264462809917
Mean (RCIW_2),-0.02975206611570248,-0.04776859504132231,-0.057603305785123966,0.0,-0.044793388429752064,-0.6226446280991735,-0.4128925619834711
Median (RCIW_3),0.01115702479338843,-0.006198347107438017,-0.010826446280991735,0.044793388429752064,0.0,-0.5809917355371901,-0.3677685950413223
Mean (RMAD),0.5520661157024793,0.5414876033057852,0.5900826446280992,0.6226446280991735,0.5809917355371901,0.0,0.1925619834710744
Median (RMAD),0.35024793388429754,0.3375206611570248,0.3808264462809917,0.4128925619834711,0.3677685950413223,-0.1925619834710744,0.0
