,Mean (CV),Median (CV),Mean (RCIW_1),Mean (RCIW_2),Median (RCIW_3),Mean (RMAD),Median (RMAD)
Mean (CV),0.0,0.04033057851239669,0.00033057851239669424,0.0028099173553719006,0.03950413223140496,-0.11140495867768595,-0.04330578512396694
Median (CV),-0.04033057851239669,0.0,-0.03884297520661157,-0.03603305785123967,0.0,-0.13008264462809918,-0.07173553719008265
Mean (RCIW_1),-0.00033057851239669424,0.03884297520661157,0.0,0.003140495867768595,0.040991735537190085,-0.1115702479338843,-0.0428099173553719
Mean (RCIW_2),-0.0028099173553719006,0.03603305785123967,-0.003140495867768595,0.0,0.03768595041322314,-0.11537190082644629,-0.04694214876033058
Median (RCIW_3),-0.03950413223140496,0.0,-0.040991735537190085,-0.03768595041322314,0.0,-0.13041322314049586,-0.07190082644628099
Mean (RMAD),0.11140495867768595,0.13008264462809918,0.1115702479338843,0.11537190082644629,0.13041322314049586,0.0,0.054380165289256197
Median (RMAD),0.04330578512396694,0.07173553719008265,0.0428099173553719,0.04694214876033058,0.07190082644628099,-0.054380165289256197,0.0
