,Mean (CV),Median (CV),Mean (RCIW_1),Mean (RCIW_2),Median (RCIW_3),Mean (RMAD),Median (RMAD)
Mean (CV),1.0,0.652837891909249,1.0,0.9666342792897354,0.6482543096423565,0.1836948911057933,0.5897196818006626
Median (CV),0.652837891909249,1.0,0.652837891909249,0.6832785753375406,0.9949211612845095,0.07519265827445241,0.32263107516534617
Mean (RCIW_1),1.0,0.652837891909249,1.0,0.9666342792897354,0.6482543096423565,0.1836948911057933,0.5897196818006626
Mean (RCIW_2),0.9666342792897354,0.6832785753375406,0.9666342792897354,1.0,0.6786113949415085,0.17028330704753558,0.5611917824640575
Median (RCIW_3),0.6482543096423565,0.9949211612845095,0.6482543096423565,0.6786113949415085,1.0,0.07415549097733536,0.3195267043330129
Mean (RMAD),0.1836948911057933,0.07519265827445241,0.1836948911057933,0.17028330704753558,0.07415549097733536,1.0,0.429398222559386
Median (RMAD),0.5897196818006626,0.32263107516534617,0.5897196818006626,0.5611917824640575,0.3195267043330129,0.429398222559386,1.0
