,Mean (CV),Median (CV),Mean (RCIW_1),Mean (RCIW_2),Median (RCIW_3),Mean (RMAD),Median (RMAD)
Mean (CV),1.0,0.8287723057433996,0.9088496193620423,0.5688948603625885,0.9740161008064862,2.9130130755952076e-15,3.5778094174644375e-07
Median (CV),0.8287723057433996,1.0,0.9189259761936939,0.4318931210276714,0.8542451601125537,1.6121273619446787e-14,1.0943118517317763e-06
Mean (RCIW_1),0.9088496193620423,0.9189259761936939,1.0,0.49386811562495214,0.9347119661531755,7.247446337491646e-15,6.502569272109376e-07
Mean (RCIW_2),0.5688948603625885,0.4318931210276714,0.49386811562495214,1.0,0.547006676281913,2.5779095070628615e-17,1.5152341422988668e-08
Median (RCIW_3),0.9740161008064862,0.8542451601125537,0.9347119661531755,0.547006676281913,1.0,3.780319163717217e-15,4.24614871744083e-07
Mean (RMAD),2.9130130755952076e-15,1.6121273619446787e-14,7.247446337491646e-15,2.5779095070628615e-17,3.780319163717217e-15,1.0,0.0050406040567328465
Median (RMAD),3.5778094174644375e-07,1.0943118517317763e-06,6.502569272109376e-07,1.5152341422988668e-08,4.24614871744083e-07,0.0050406040567328465,1.0
