Project,Method,Max Time in s,Max Time in h,Min Time in s,Min Time in h,Time Saved,Time Saved %,Fraction of leq 0.01 change,Fraction of leq 0.03 change,Fraction of leq 0.05 change,Fraction of leq 0.1 change,CI Lower Dev,CI Upper Dev
laaber_jmh-core-benchmarks,cv__mean__ci_bootstrap_mean_p,55000,15.277777777777777,47545,13.206944444444444,7455,0.13554545454545455,0.8727272727272727,0.8818181818181818,0.9181818181818182,0.9545454545454546,0.2275663251666182,0.2205663381219582
laaber_jmh-core-benchmarks,cv__median__ci_bootstrap_median_p,55000,15.277777777777777,47545,13.206944444444444,7455,0.13554545454545455,0.8727272727272727,0.8727272727272727,0.9090909090909091,0.9636363636363636,0.2377340887141028,0.2211899612464498
laaber_jmh-core-benchmarks,rciw_mean_p__mean__ci_bootstrap_mean_p,55000,15.277777777777777,40548,11.263333333333332,14452,0.26276363636363637,0.8727272727272727,0.9181818181818182,0.9636363636363636,0.990909090909091,0.1764214275236983,0.178669261878569
laaber_jmh-core-benchmarks,rciw_mean_t__mean__ci_bootstrap_mean_t,55000,15.277777777777777,45297,12.582500000000001,9703,0.1764181818181818,0.9636363636363636,1.0,1.0,1.0,0.023409382149455,0.0210020298964313
laaber_jmh-core-benchmarks,rciw_median_p__median__ci_bootstrap_median_p,55000,15.277777777777777,40859,11.349722222222223,14141,0.2571090909090909,0.8909090909090909,0.9181818181818182,0.9545454545454546,0.990909090909091,0.1874873355426174,0.1819763447166764
laaber_jmh-core-benchmarks,rmad__mean__ci_bootstrap_mean_p,55000,15.277777777777777,5072,1.4088888888888889,49928,0.9077818181818181,0.12727272727272726,0.3181818181818182,0.5,0.7272727272727273,0.7921794343237049,0.9002933322762541
laaber_jmh-core-benchmarks,rmad__median__ci_bootstrap_median_p,55000,15.277777777777777,5072,1.4088888888888889,49928,0.9077818181818181,0.34545454545454546,0.5363636363636364,0.6454545454545455,0.7909090909090909,1.1085768260830435,1.0407407653324343
