,Mean (CV),Median (CV),Mean (RCIW_1),Mean (RCIW_2),Median (RCIW_3),Mean (RMAD),Median (RMAD)
Mean (CV),1.0,0.985960227665027,0.26152408410212147,0.25986654219058747,0.2640240747240131,9.363277105521607e-13,3.842420676988103e-05
Median (CV),0.985960227665027,1.0,0.2541224847398613,0.2524976786135429,0.2565733124338747,1.0640372233634391e-12,4.146539333970487e-05
Mean (RCIW_1),0.26152408410212147,0.2541224847398613,1.0,0.9968798975229317,0.9953198611943596,1.4282943459736766e-16,1.6096654162275492e-07
Mean (RCIW_2),0.25986654219058747,0.2524976786135429,0.9968798975229317,1.0,0.9921998481761098,1.3822371807143654e-16,1.5759053113635133e-07
Median (RCIW_3),0.2640240747240131,0.2565733124338747,0.9953198611943596,0.9921998481761098,1.0,1.5002310583899457e-16,1.6616202599824253e-07
Mean (RMAD),9.363277105521607e-13,1.0640372233634391e-12,1.4282943459736766e-16,1.3822371807143654e-16,1.5002310583899457e-16,1.0,0.0025044779606064357
Median (RMAD),3.842420676988103e-05,4.146539333970487e-05,1.6096654162275492e-07,1.5759053113635133e-07,1.6616202599824253e-07,0.0025044779606064357,1.0
