,Mean (CV),Median (CV),Mean (RCIW_1),Mean (RCIW_2),Median (RCIW_3),Mean (RMAD),Median (RMAD)
Mean (CV),1.0,0.7953718852549696,0.9511530656801994,0.949984594945661,0.7437918413987397,0.6455222706526285,0.8686011624846663
Median (CV),0.7953718852549696,1.0,0.8429805206684202,0.8441286616322153,0.9461878207121278,0.4719358223511495,0.6709993148439621
Mean (RCIW_1),0.9511530656801994,0.8429805206684202,1.0,0.9988292821660503,0.7905647925048477,0.6021923369311719,0.8206613736679587
Mean (RCIW_2),0.949984594945661,0.8441286616322153,0.9988292821660503,1.0,0.7916951639539337,0.6011707229508015,0.8195205441913648
Median (RCIW_3),0.7437918413987397,0.9461878207121278,0.7905647925048477,0.7916951639539337,1.0,0.431382743236841,0.6225272966693016
Mean (RMAD),0.6455222706526285,0.4719358223511495,0.6021923369311719,0.6011707229508015,0.431382743236841,1.0,0.768333073840332
Median (RMAD),0.8686011624846663,0.6709993148439621,0.8206613736679587,0.8195205441913648,0.6225272966693016,0.768333073840332,1.0
