Project,Statistic,p-Value
prometheus_results,0.014635327554297953,0.9999999350494215
toml_results,0.015458041009390517,0.9999999234923062
zap_results,0.002618699916607506,0.9999999996262429
