Project,Statistic,p-Value
prometheus_results,3.1597905007649976,0.869837245881118
toml_results,4.786889381015977,0.685951470687272
zap_results,4.518383078432045,0.7185025247615116
