,Mean (CV),Median (CV),Mean (RCIW_1),Mean (RCIW_2),Median (RCIW_3),Mean (RMAD),Median (RMAD)
Mean (CV),0.0,0.01639344262295082,0.0005374899220639613,-0.0018812147272238647,0.018543402311206665,0.0032249395323837677,0.018543402311206665
Median (CV),-0.01639344262295082,0.0,-0.015318462778822897,-0.014243482934694974,0.0010749798441279225,-0.008868583714055361,0.005643644181671593
Mean (RCIW_1),-0.0005374899220639613,0.015318462778822897,0.0,-0.0008062348830959419,0.016930932545014783,0.002956194571351787,0.018005912389142703
Mean (RCIW_2),0.0018812147272238647,0.014243482934694974,0.0008062348830959419,0.0,0.016930932545014783,0.006987368986831497,0.018543402311206665
Median (RCIW_3),-0.018543402311206665,-0.0010749798441279225,-0.016930932545014783,-0.016930932545014783,0.0,-0.009406073636119323,0.004568664337543671
Mean (RMAD),-0.0032249395323837677,0.008868583714055361,-0.002956194571351787,-0.006987368986831497,0.009406073636119323,0.0,0.016930932545014783
Median (RMAD),-0.018543402311206665,-0.005643644181671593,-0.018005912389142703,-0.018543402311206665,-0.004568664337543671,-0.016930932545014783,0.0
