,Mean (CV),Median (CV),Mean (RCIW_1),Mean (RCIW_2),Median (RCIW_3),Mean (RMAD),Median (RMAD)
Mean (CV),1.0,0.14371469921729751,0.9349149927548227,0.49240532138177784,0.2640790890328042,0.604498416070075,0.6475549000991689
Median (CV),0.14371469921729751,1.0,0.16745302204769663,0.43798013312862105,0.7298726252387013,0.04769912296247673,0.3149280753263537
Mean (RCIW_1),0.9349149927548227,0.16745302204769663,1.0,0.5452949241447578,0.3006039348422922,0.5487694513808079,0.7072894187750118
Mean (RCIW_2),0.49240532138177784,0.43798013312862105,0.5452949241447578,1.0,0.6669675309614574,0.22842317895386166,0.8186150997898431
Median (RCIW_3),0.2640790890328042,0.7298726252387013,0.3006039348422922,0.6669675309614574,1.0,0.10210267488334052,0.5094847623586517
Mean (RMAD),0.604498416070075,0.04769912296247673,0.5487694513808079,0.22842317895386166,0.10210267488334052,1.0,0.32950864718514994
Median (RMAD),0.6475549000991689,0.3149280753263537,0.7072894187750118,0.8186150997898431,0.5094847623586517,0.32950864718514994,1.0
