,Mean (CV),Median (CV),Mean (RCIW_1),Mean (RCIW_2),Median (RCIW_3),Mean (RMAD),Median (RMAD)
Mean (CV),1.0,0.8876924649821027,0.9961952022337729,0.9956098542446062,0.8766922506662056,0.9637204556233566,0.8510252375796937
Median (CV),0.8876924649821027,1.0,0.8914607778268973,0.8833475694090221,0.9888786014458029,0.9237276151611811,0.962843351990091
Mean (RCIW_1),0.9961952022337729,0.8914607778268973,1.0,0.9918051639870602,0.8804529123875069,0.9675217317575187,0.8547651952295418
Mean (RCIW_2),0.9956098542446062,0.8833475694090221,0.9918051639870602,1.0,0.8723564872738894,0.9593353976930906,0.8467140672775936
Median (RCIW_3),0.8766922506662056,0.9888786014458029,0.8804529123875069,0.8723564872738894,1.0,0.9126644529545801,0.9739562967707172
Mean (RMAD),0.9637204556233566,0.9237276151611811,0.9675217317575187,0.9593353976930906,0.9126644529545801,1.0,0.8868232115389874
Median (RMAD),0.8510252375796937,0.962843351990091,0.8547651952295418,0.8467140672775936,0.9739562967707172,0.8868232115389874,1.0
