,Mean (CV),Median (CV),Mean (RCIW_1),Mean (RCIW_2),Median (RCIW_3),Mean (RMAD),Median (RMAD)
Mean (CV),1.0,6.011745050191308e-14,0.055266729730024514,4.665926863304286e-08,5.633703638822288e-14,0.12507574810320893,6.047518473131031e-08
Median (CV),6.011745050191308e-14,1.0,2.2569747350461965e-08,0.04093055759195667,0.9932179802191625,2.3148721152493626e-09,0.03657871343933491
Mean (RCIW_1),0.055266729730024514,2.2569747350461965e-08,1.0,0.0003899114633780015,2.1490586085483284e-08,0.7017488959968521,0.00046418231021354945
Mean (RCIW_2),4.665926863304286e-08,0.04093055759195667,0.0003899114633780015,1.0,0.040098492249461326,8.502350219670127e-05,0.9631488123999936
Median (RCIW_3),5.633703638822288e-14,0.9932179802191625,2.1490586085483284e-08,0.040098492249461326,1.0,2.1972070324912843e-09,0.035822594198887246
Mean (RMAD),0.12507574810320893,2.3148721152493626e-09,0.7017488959968521,8.502350219670127e-05,2.1972070324912843e-09,1.0,0.00010293058507672007
Median (RMAD),6.047518473131031e-08,0.03657871343933491,0.00046418231021354945,0.9631488123999936,0.035822594198887246,0.00010293058507672007,1.0
