,Mean (CV),Median (CV),Mean (RCIW_1),Mean (RCIW_2),Median (RCIW_3),Mean (RMAD),Median (RMAD)
Mean (CV),1.0,0.9747348411930433,0.9876133667218524,0.9706426266410528,0.9713711573799246,0.9865078438312693,0.9688153378349207
Median (CV),0.9747348411930433,1.0,0.9623574614334547,0.9454092786918522,0.9966344040479055,0.9612530602295589,0.9940768309675397
Mean (RCIW_1),0.9876133667218524,0.9623574614334547,1.0,0.9830244112532971,0.9589959462877132,0.9988943319788672,0.9564419217393233
Mean (RCIW_2),0.9706426266410528,0.9454092786918522,0.9830244112532971,1.0,0.9420520481921778,0.9841298453174419,0.9395014804965142
Median (RCIW_3),0.9713711573799246,0.9966344040479055,0.9589959462877132,0.9420520481921778,1.0,0.9578917779742229,0.9974423868751835
Mean (RMAD),0.9865078438312693,0.9612530602295589,0.9988943319788672,0.9841298453174419,0.9578917779742229,1.0,0.9553379435083849
Median (RMAD),0.9688153378349207,0.9940768309675397,0.9564419217393233,0.9395014804965142,0.9974423868751835,0.9553379435083849,1.0
